{
  "timestamp": "20251107_101838_134451",
  "context_shape": [
    4,
    1865,
    768
  ],
  "target_shape": [
    4,
    1213,
    768
  ],
  "pred_shape": [
    4,
    1213,
    768
  ],
  "n_show": 2,
  "cosine_similarity_metrics": {
    "sample_0": {
      "context": {
        "mean": 0.42011046409606934,
        "std": 0.4984703063964844,
        "min": -0.46291863918304443,
        "max": 1.0000001192092896
      },
      "prediction": {
        "mean": 0.32788071036338806,
        "std": 0.15515349805355072,
        "min": -0.19065529108047485,
        "max": 0.9999993443489075
      },
      "target": {
        "mean": 0.007482137996703386,
        "std": 0.11427191644906998,
        "min": -0.6148086786270142,
        "max": 0.9972734451293945
      }
    },
    "sample_1": {
      "context": {
        "mean": 0.2753603160381317,
        "std": 0.4462292492389679,
        "min": -0.398336797952652,
        "max": 1.0000001192092896
      },
      "prediction": {
        "mean": 0.22218693792819977,
        "std": 0.21081310510635376,
        "min": -0.22468572854995728,
        "max": 0.9999125599861145
      },
      "target": {
        "mean": 0.008833765983581543,
        "std": 0.04986252263188362,
        "min": -0.46027427911758423,
        "max": 0.9793087244033813
      }
    }
  }
}