{
  "timestamp": "20251106_180957_017985",
  "context_shape": [
    4,
    2147,
    512
  ],
  "target_shape": [
    4,
    1396,
    512
  ],
  "pred_shape": [
    4,
    1396,
    512
  ],
  "n_show": 2,
  "cosine_similarity_metrics": {
    "sample_0": {
      "context": {
        "mean": 0.4744020700454712,
        "std": 0.4629753530025482,
        "min": -0.5141260623931885,
        "max": 1.0
      },
      "prediction": {
        "mean": 0.12241557240486145,
        "std": 0.2915949821472168,
        "min": -0.9523910880088806,
        "max": 0.9991136193275452
      },
      "target": {
        "mean": 0.20371776819229126,
        "std": 0.2748759686946869,
        "min": -0.5821037888526917,
        "max": 0.9976835250854492
      }
    },
    "sample_1": {
      "context": {
        "mean": 0.3876233398914337,
        "std": 0.4635786712169647,
        "min": -0.5868802070617676,
        "max": 1.0
      },
      "prediction": {
        "mean": 0.10806841403245926,
        "std": 0.2930656671524048,
        "min": -0.9421137571334839,
        "max": 0.9999527931213379
      },
      "target": {
        "mean": 0.23149357736110687,
        "std": 0.2668478488922119,
        "min": -0.5655370950698853,
        "max": 1.0
      }
    }
  }
}