{
  "timestamp": "20251107_101558_706003",
  "context_shape": [
    4,
    2055,
    768
  ],
  "target_shape": [
    4,
    1336,
    768
  ],
  "pred_shape": [
    4,
    1336,
    768
  ],
  "n_show": 2,
  "cosine_similarity_metrics": {
    "sample_0": {
      "context": {
        "mean": 0.3744131326675415,
        "std": 0.48733973503112793,
        "min": -0.4198865592479706,
        "max": 1.0000001192092896
      },
      "prediction": {
        "mean": 0.2928265631198883,
        "std": 0.183287113904953,
        "min": -0.1852066069841385,
        "max": 1.0000001192092896
      },
      "target": {
        "mean": 0.006458870135247707,
        "std": 0.07241741567850113,
        "min": -0.7021609544754028,
        "max": 0.9881608486175537
      }
    },
    "sample_1": {
      "context": {
        "mean": 0.4023172855377197,
        "std": 0.49093934893608093,
        "min": -0.5086338520050049,
        "max": 1.0000001192092896
      },
      "prediction": {
        "mean": 0.3174692690372467,
        "std": 0.16743789613246918,
        "min": -0.1994757056236267,
        "max": 0.999972939491272
      },
      "target": {
        "mean": 0.016687141731381416,
        "std": 0.09295438230037689,
        "min": -0.6781864166259766,
        "max": 0.9963352680206299
      }
    }
  }
}