{
  "timestamp": "20251107_101319_423279",
  "context_shape": [
    4,
    2249,
    768
  ],
  "target_shape": [
    4,
    1462,
    768
  ],
  "pred_shape": [
    4,
    1462,
    768
  ],
  "n_show": 2,
  "cosine_similarity_metrics": {
    "sample_0": {
      "context": {
        "mean": 0.2529491186141968,
        "std": 0.428496778011322,
        "min": -0.27375832200050354,
        "max": 1.0000001192092896
      },
      "prediction": {
        "mean": 0.19498145580291748,
        "std": 0.21006251871585846,
        "min": -0.2566210627555847,
        "max": 0.9981058835983276
      },
      "target": {
        "mean": 0.13823769986629486,
        "std": 0.21329230070114136,
        "min": -0.22126202285289764,
        "max": 0.989687442779541
      }
    },
    "sample_1": {
      "context": {
        "mean": 0.3112238645553589,
        "std": 0.46450355648994446,
        "min": -0.5890530347824097,
        "max": 1.0000001192092896
      },
      "prediction": {
        "mean": 0.2558031678199768,
        "std": 0.20675326883792877,
        "min": -0.21685823798179626,
        "max": 1.0000001192092896
      },
      "target": {
        "mean": 0.01017597783356905,
        "std": 0.08237805962562561,
        "min": -0.5828604698181152,
        "max": 0.9930000901222229
      }
    }
  }
}