{
  "timestamp": "20251106_193549_442170",
  "context_shape": [
    4,
    2235,
    512
  ],
  "target_shape": [
    4,
    1453,
    512
  ],
  "pred_shape": [
    4,
    1453,
    512
  ],
  "n_show": 2,
  "cosine_similarity_metrics": {
    "sample_0": {
      "context": {
        "mean": 0.45846042037010193,
        "std": 0.42513367533683777,
        "min": 0.0,
        "max": 1.0000001192092896
      },
      "prediction": {
        "mean": 0.4283316433429718,
        "std": 0.46382755041122437,
        "min": -0.43689295649528503,
        "max": 1.0000001192092896
      },
      "target": {
        "mean": 0.9198870062828064,
        "std": 0.11679685860872269,
        "min": 0.734919548034668,
        "max": 0.9999999403953552
      }
    },
    "sample_1": {
      "context": {
        "mean": 0.43411922454833984,
        "std": 0.4261930584907532,
        "min": 0.0,
        "max": 1.0000001192092896
      },
      "prediction": {
        "mean": 0.4180655777454376,
        "std": 0.4576144218444824,
        "min": -0.4873828589916229,
        "max": 1.0
      },
      "target": {
        "mean": 0.9137259721755981,
        "std": 0.11865969747304916,
        "min": 0.715642511844635,
        "max": 0.9999999403953552
      }
    }
  }
}