{
  "timestamp": "20251107_102002_706271",
  "context_shape": [
    4,
    2339,
    768
  ],
  "target_shape": [
    4,
    1521,
    768
  ],
  "pred_shape": [
    4,
    1521,
    768
  ],
  "n_show": 2,
  "cosine_similarity_metrics": {
    "sample_0": {
      "context": {
        "mean": 0.3728524148464203,
        "std": 0.48259297013282776,
        "min": -0.6382695436477661,
        "max": 1.0
      },
      "prediction": {
        "mean": 0.28190878033638,
        "std": 0.1829250156879425,
        "min": -0.27478140592575073,
        "max": 0.9999300837516785
      },
      "target": {
        "mean": 0.016459686681628227,
        "std": 0.10497461259365082,
        "min": -0.7553714513778687,
        "max": 1.0000001192092896
      }
    },
    "sample_1": {
      "context": {
        "mean": 0.4228180944919586,
        "std": 0.4955821931362152,
        "min": -0.4714844524860382,
        "max": 1.0
      },
      "prediction": {
        "mean": 0.3304354250431061,
        "std": 0.16716386377811432,
        "min": -0.18814435601234436,
        "max": 0.999980092048645
      },
      "target": {
        "mean": 0.01246671099215746,
        "std": 0.09095242619514465,
        "min": -0.5060049891471863,
        "max": 0.9744308590888977
      }
    }
  }
}