{
  "timestamp": "20251107_101720_637810",
  "context_shape": [
    4,
    2030,
    768
  ],
  "target_shape": [
    4,
    1320,
    768
  ],
  "pred_shape": [
    4,
    1320,
    768
  ],
  "n_show": 2,
  "cosine_similarity_metrics": {
    "sample_0": {
      "context": {
        "mean": 0.4152079224586487,
        "std": 0.4939565062522888,
        "min": -0.5590050220489502,
        "max": 1.0000001192092896
      },
      "prediction": {
        "mean": 0.3231688439846039,
        "std": 0.16024473309516907,
        "min": -0.2364964336156845,
        "max": 0.9980291128158569
      },
      "target": {
        "mean": 0.003922081086784601,
        "std": 0.07759185880422592,
        "min": -0.5668070912361145,
        "max": 0.9700832366943359
      }
    },
    "sample_1": {
      "context": {
        "mean": 0.4234189987182617,
        "std": 0.4952557384967804,
        "min": -0.48650723695755005,
        "max": 1.0000001192092896
      },
      "prediction": {
        "mean": 0.3284330666065216,
        "std": 0.1565299928188324,
        "min": -0.24094681441783905,
        "max": 0.9998012781143188
      },
      "target": {
        "mean": 0.028638776391744614,
        "std": 0.09984824806451797,
        "min": -0.6242673397064209,
        "max": 0.9935637712478638
      }
    }
  }
}