{
  "timestamp": "20251107_101454_118878",
  "context_shape": [
    4,
    2605,
    768
  ],
  "target_shape": [
    4,
    1694,
    768
  ],
  "pred_shape": [
    4,
    1694,
    768
  ],
  "n_show": 2,
  "cosine_similarity_metrics": {
    "sample_0": {
      "context": {
        "mean": 0.13560302555561066,
        "std": 0.3448304831981659,
        "min": -0.37339022755622864,
        "max": 1.0000001192092896
      },
      "prediction": {
        "mean": 0.10863795131444931,
        "std": 0.18040591478347778,
        "min": -0.25258535146713257,
        "max": 0.9997074007987976
      },
      "target": {
        "mean": 0.0024936620611697435,
        "std": 0.04491288587450981,
        "min": -0.43615949153900146,
        "max": 0.9964892268180847
      }
    },
    "sample_1": {
      "context": {
        "mean": 0.16321446001529694,
        "std": 0.36942216753959656,
        "min": -0.4114570617675781,
        "max": 1.0000001192092896
      },
      "prediction": {
        "mean": 0.12680284678936005,
        "std": 0.18687677383422852,
        "min": -0.2877481281757355,
        "max": 0.9978125095367432
      },
      "target": {
        "mean": 0.004098937381058931,
        "std": 0.042802710086107254,
        "min": -0.41648387908935547,
        "max": 0.9913039207458496
      }
    }
  }
}