{
  "timestamp": "20251107_101913_870830",
  "context_shape": [
    4,
    2232,
    768
  ],
  "target_shape": [
    4,
    1451,
    768
  ],
  "pred_shape": [
    4,
    1451,
    768
  ],
  "n_show": 2,
  "cosine_similarity_metrics": {
    "sample_0": {
      "context": {
        "mean": 0.40241920948028564,
        "std": 0.4910857677459717,
        "min": -0.3452115058898926,
        "max": 1.0000001192092896
      },
      "prediction": {
        "mean": 0.3199872076511383,
        "std": 0.17411336302757263,
        "min": -0.16655702888965607,
        "max": 1.000000238418579
      },
      "target": {
        "mean": 0.01872302033007145,
        "std": 0.07585448771715164,
        "min": -0.45101097226142883,
        "max": 0.9975398778915405
      }
    },
    "sample_1": {
      "context": {
        "mean": 0.3166166841983795,
        "std": 0.46627360582351685,
        "min": -0.5068515539169312,
        "max": 1.0000001192092896
      },
      "prediction": {
        "mean": 0.24478653073310852,
        "std": 0.19613797962665558,
        "min": -0.2248738408088684,
        "max": 0.9974632859230042
      },
      "target": {
        "mean": 0.014752932824194431,
        "std": 0.07508526742458344,
        "min": -0.5486509799957275,
        "max": 0.9932466745376587
      }
    }
  }
}