{
  "timestamp": "20251106_181234_744584",
  "context_shape": [
    4,
    2042,
    512
  ],
  "target_shape": [
    4,
    1328,
    512
  ],
  "pred_shape": [
    4,
    1328,
    512
  ],
  "n_show": 2,
  "cosine_similarity_metrics": {
    "sample_0": {
      "context": {
        "mean": 0.3428969383239746,
        "std": 0.44888266921043396,
        "min": -0.6217186450958252,
        "max": 1.0
      },
      "prediction": {
        "mean": 0.09651807695627213,
        "std": 0.2684439718723297,
        "min": -0.9768581986427307,
        "max": 0.9998510479927063
      },
      "target": {
        "mean": 0.2083013355731964,
        "std": 0.29682913422584534,
        "min": -0.5467592477798462,
        "max": 1.0
      }
    },
    "sample_1": {
      "context": {
        "mean": 0.24548259377479553,
        "std": 0.41365084052085876,
        "min": -0.49844563007354736,
        "max": 1.0
      },
      "prediction": {
        "mean": 0.07655834406614304,
        "std": 0.250619500875473,
        "min": -0.9393545389175415,
        "max": 0.9999761581420898
      },
      "target": {
        "mean": 0.20946082472801208,
        "std": 0.2840506136417389,
        "min": -0.49904942512512207,
        "max": 1.0
      }
    }
  }
}