{
  "timestamp": "20251106_191625_773080",
  "context_shape": [
    4,
    2147,
    512
  ],
  "target_shape": [
    4,
    1396,
    512
  ],
  "pred_shape": [
    4,
    1396,
    512
  ],
  "n_show": 2,
  "cosine_similarity_metrics": {
    "sample_0": {
      "context": {
        "mean": 0.4777447283267975,
        "std": 0.5676128268241882,
        "min": -0.9431565403938293,
        "max": 1.0000001192092896
      },
      "prediction": {
        "mean": 0.3988105058670044,
        "std": 0.46209952235221863,
        "min": -0.8507401943206787,
        "max": 0.9999898672103882
      },
      "target": {
        "mean": 0.18787705898284912,
        "std": 0.737945020198822,
        "min": -0.9483194947242737,
        "max": 0.9999732971191406
      }
    },
    "sample_1": {
      "context": {
        "mean": 0.5880561470985413,
        "std": 0.39463087916374207,
        "min": 0.0,
        "max": 1.0000001192092896
      },
      "prediction": {
        "mean": 0.5594479441642761,
        "std": 0.44618460536003113,
        "min": -0.44150128960609436,
        "max": 0.9999998807907104
      },
      "target": {
        "mean": 0.9579088091850281,
        "std": 0.0927814394235611,
        "min": 0.7155161499977112,
        "max": 1.0000001192092896
      }
    }
  }
}