{
  "timestamp": "20251107_101641_369770",
  "context_shape": [
    4,
    2071,
    768
  ],
  "target_shape": [
    4,
    1347,
    768
  ],
  "pred_shape": [
    4,
    1347,
    768
  ],
  "n_show": 2,
  "cosine_similarity_metrics": {
    "sample_0": {
      "context": {
        "mean": 0.20908185839653015,
        "std": 0.4078447222709656,
        "min": -0.4119893014431,
        "max": 1.0000001192092896
      },
      "prediction": {
        "mean": 0.17235791683197021,
        "std": 0.20793572068214417,
        "min": -0.2623012363910675,
        "max": 0.9994999170303345
      },
      "target": {
        "mean": 0.004994828253984451,
        "std": 0.05257193744182587,
        "min": -0.3246205449104309,
        "max": 0.9962228536605835
      }
    },
    "sample_1": {
      "context": {
        "mean": 0.2504083216190338,
        "std": 0.4347802400588989,
        "min": -0.37429097294807434,
        "max": 1.0000001192092896
      },
      "prediction": {
        "mean": 0.19263766705989838,
        "std": 0.1996738612651825,
        "min": -0.17195583879947662,
        "max": 0.997039794921875
      },
      "target": {
        "mean": 0.006627760361880064,
        "std": 0.05045659840106964,
        "min": -0.39470869302749634,
        "max": 0.9931540489196777
      }
    }
  }
}