{
  "timestamp": "20251106_181158_695866",
  "context_shape": [
    4,
    2032,
    512
  ],
  "target_shape": [
    4,
    1321,
    512
  ],
  "pred_shape": [
    4,
    1321,
    512
  ],
  "n_show": 2,
  "cosine_similarity_metrics": {
    "sample_0": {
      "context": {
        "mean": 0.32588163018226624,
        "std": 0.44791531562805176,
        "min": -0.477827250957489,
        "max": 1.0
      },
      "prediction": {
        "mean": 0.08953022211790085,
        "std": 0.2602940797805786,
        "min": -0.8978738784790039,
        "max": 0.9999526143074036
      },
      "target": {
        "mean": 0.25387346744537354,
        "std": 0.26912274956703186,
        "min": -0.48545506596565247,
        "max": 1.000000238418579
      }
    },
    "sample_1": {
      "context": {
        "mean": 0.46923136711120605,
        "std": 0.47069522738456726,
        "min": -0.6910898685455322,
        "max": 1.0
      },
      "prediction": {
        "mean": 0.15739376842975616,
        "std": 0.30023905634880066,
        "min": -0.9375839829444885,
        "max": 0.9997518062591553
      },
      "target": {
        "mean": 0.1824783831834793,
        "std": 0.29951709508895874,
        "min": -0.6764581203460693,
        "max": 0.9984413385391235
      }
    }
  }
}