{
  "timestamp": "20251106_193942_197390",
  "context_shape": [
    4,
    2305,
    512
  ],
  "target_shape": [
    4,
    1499,
    512
  ],
  "pred_shape": [
    4,
    1499,
    512
  ],
  "n_show": 2,
  "cosine_similarity_metrics": {
    "sample_0": {
      "context": {
        "mean": 0.6997153162956238,
        "std": 0.332747220993042,
        "min": -0.9129846096038818,
        "max": 1.0
      },
      "prediction": {
        "mean": 0.5232750177383423,
        "std": 0.41569796204566956,
        "min": -0.7505003213882446,
        "max": 0.9999997615814209
      },
      "target": {
        "mean": 0.6942468285560608,
        "std": 0.5148011445999146,
        "min": -0.9463220834732056,
        "max": 0.9999899864196777
      }
    },
    "sample_1": {
      "context": {
        "mean": 0.5909687876701355,
        "std": 0.3937688171863556,
        "min": 0.0,
        "max": 1.0
      },
      "prediction": {
        "mean": 0.4403579831123352,
        "std": 0.45078545808792114,
        "min": -0.6255678534507751,
        "max": 0.9999999403953552
      },
      "target": {
        "mean": 0.9591596722602844,
        "std": 0.09271331876516342,
        "min": 0.7151464223861694,
        "max": 0.9999998807907104
      }
    }
  }
}