{
  "timestamp": "20251107_101800_935446",
  "context_shape": [
    4,
    1906,
    768
  ],
  "target_shape": [
    4,
    1239,
    768
  ],
  "pred_shape": [
    4,
    1239,
    768
  ],
  "n_show": 2,
  "cosine_similarity_metrics": {
    "sample_0": {
      "context": {
        "mean": 0.2516486346721649,
        "std": 0.4368674159049988,
        "min": -0.44977304339408875,
        "max": 1.0000001192092896
      },
      "prediction": {
        "mean": 0.20554551482200623,
        "std": 0.2078712284564972,
        "min": -0.18011276423931122,
        "max": 0.9999881982803345
      },
      "target": {
        "mean": 0.0104185426607728,
        "std": 0.07765141874551773,
        "min": -0.5894800424575806,
        "max": 0.997378945350647
      }
    },
    "sample_1": {
      "context": {
        "mean": 0.30467966198921204,
        "std": 0.46305525302886963,
        "min": -0.46050745248794556,
        "max": 1.0000001192092896
      },
      "prediction": {
        "mean": 0.23262056708335876,
        "std": 0.19631889462471008,
        "min": -0.2764783799648285,
        "max": 0.9996352195739746
      },
      "target": {
        "mean": 0.008198178373277187,
        "std": 0.06697183102369308,
        "min": -0.5483497977256775,
        "max": 0.9901407361030579
      }
    }
  }
}