{
  "timestamp": "20251106_193511_496974",
  "context_shape": [
    4,
    2042,
    512
  ],
  "target_shape": [
    4,
    1328,
    512
  ],
  "pred_shape": [
    4,
    1328,
    512
  ],
  "n_show": 2,
  "cosine_similarity_metrics": {
    "sample_0": {
      "context": {
        "mean": 0.5069828033447266,
        "std": 0.4189734160900116,
        "min": 0.0,
        "max": 1.0000001192092896
      },
      "prediction": {
        "mean": 0.4732256531715393,
        "std": 0.45758622884750366,
        "min": -0.448944091796875,
        "max": 0.9999997615814209
      },
      "target": {
        "mean": 0.9351014494895935,
        "std": 0.1083366796374321,
        "min": 0.7196002006530762,
        "max": 1.0000001192092896
      }
    },
    "sample_1": {
      "context": {
        "mean": 0.37369394302368164,
        "std": 0.42321714758872986,
        "min": 0.0,
        "max": 1.0000001192092896
      },
      "prediction": {
        "mean": 0.348071426153183,
        "std": 0.4466322660446167,
        "min": -0.4497365951538086,
        "max": 0.9999997019767761
      },
      "target": {
        "mean": 0.893274188041687,
        "std": 0.1298256814479828,
        "min": 0.7028617262840271,
        "max": 1.0000001192092896
      }
    }
  }
}