{
  "timestamp": "20251106_192859_788579",
  "context_shape": [
    4,
    2032,
    512
  ],
  "target_shape": [
    4,
    1321,
    512
  ],
  "pred_shape": [
    4,
    1321,
    512
  ],
  "n_show": 2,
  "cosine_similarity_metrics": {
    "sample_0": {
      "context": {
        "mean": 0.4945802092552185,
        "std": 0.4203890860080719,
        "min": 0.0,
        "max": 1.0000001192092896
      },
      "prediction": {
        "mean": 0.4724438488483429,
        "std": 0.45900222659111023,
        "min": -0.47512269020080566,
        "max": 0.9999998211860657
      },
      "target": {
        "mean": 0.926404595375061,
        "std": 0.10871805250644684,
        "min": 0.7074965238571167,
        "max": 1.0
      }
    },
    "sample_1": {
      "context": {
        "mean": 0.7042414546012878,
        "std": 0.3234627842903137,
        "min": 0.34117984771728516,
        "max": 1.0000001192092896
      },
      "prediction": {
        "mean": 0.6646853685379028,
        "std": 0.41705065965652466,
        "min": -0.4627627730369568,
        "max": 0.9999999403953552
      },
      "target": {
        "mean": 0.998355507850647,
        "std": 0.001392658450640738,
        "min": 0.9824416637420654,
        "max": 0.9999839663505554
      }
    }
  }
}